,image_name,tar_xywh,dist_xywh,link_vg,vg_object_id,condition,responses_someRE,responses_MN,responses_someRE_found,responses_MN_found,responses_someRE_prob,responses_MN_prob,img_inf_scores_someRE,img_inf_scores_MN
0,bird_pelican_ambi_spec_1344479.png,"[132, 56, 196, 294]","[57, 246, 73, 64]",https://cs.stanford.edu/people/rak248/VG_100K_2/2380622.jpg,1344479,spec,"{'pelican': 15, 'bird': 9, 'duck': 6, 'seagull': 2, 'swan': 2, 'albatross': 1, 'tuck': 1, 'crane': 1, 'goose': 1, 'stork': 1, 'falcon': 1}","{'bird': 20, 'pelican': 7, 'stork': 5}","{'pelican': 15, 'bird': 9, 'duck': 6, 'seagull': 2, 'swan': 2, 'crane': 1, 'goose': 1}","{'bird': 20, 'pelican': 7}","{'pelican': 0.4166666666666667, 'bird': 0.25, 'duck': 0.16666666666666666, 'seagull': 0.05555555555555555, 'swan': 0.05555555555555555, 'crane': 0.027777777777777776, 'goose': 0.027777777777777776}","{'bird': 0.7407407407407407, 'pelican': 0.25925925925925924}",1.5519280107320412,1.4043046914424462
1,car_suv_unambiguos_3331437.png,"[14, 45, 455, 220]","[0, 192, 500, 138]",https://cs.stanford.edu/people/rak248/VG_100K/2317090.jpg,3331437,unam,"{'car': 48, 'suv': 13, 'vehicle': 9, 'automobile': 2, 'van': 2, 'jeep': 1, 'rack': 1, 'truck': 1}","{'car': 16, 'suv': 11, 'vehicle': 3, 'truck': 2, 'automobile': 1}","{'car': 48, 'suv': 13, 'vehicle': 9, 'automobile': 2, 'van': 2, 'jeep': 1, 'rack': 1, 'truck': 1}","{'car': 16, 'suv': 11, 'vehicle': 3, 'truck': 2, 'automobile': 1}","{'car': 0.6233766233766234, 'suv': 0.16883116883116883, 'vehicle': 0.11688311688311688, 'automobile': 0.025974025974025976, 'van': 0.025974025974025976, 'jeep': 0.012987012987012988, 'rack': 0.012987012987012988, 'truck': 0.012987012987012988}","{'car': 0.48484848484848486, 'suv': 0.3333333333333333, 'vehicle': 0.09090909090909091, 'truck': 0.06060606060606061, 'automobile': 0.030303030303030304}",1.4870846658085084,1.5188658058141356
2,car_suv_ambi_spec_812934.png,"[183, 54, 222, 172]","[0, 89, 211, 124]",https://cs.stanford.edu/people/rak248/VG_100K/2357338.jpg,812934,spec,"{'car': 20, 'suv': 15, 'toyota': 2, 'truck': 1, 'plate': 1, 'van': 1}","{'car': 20, 'vehicle': 7, 'suv': 5, 'truck': 4}","{'car': 20, 'suv': 15, 'truck': 1, 'plate': 1, 'van': 1}","{'car': 20, 'vehicle': 7, 'suv': 5, 'truck': 4}","{'car': 0.5263157894736842, 'suv': 0.39473684210526316, 'truck': 0.02631578947368421, 'plate': 0.02631578947368421, 'van': 0.02631578947368421}","{'car': 0.5555555555555556, 'vehicle': 0.19444444444444445, 'suv': 0.1388888888888889, 'truck': 0.1111111111111111}",1.5396021801906052,1.4763184063460204
3,train_locomotive_unambiguos_1856746.png,"[151, 88, 191, 199]","[0, 166, 300, 167]",https://cs.stanford.edu/people/rak248/VG_100K/2355770.jpg,1856746,unam,"{'train': 70, 'locomotive': 6, 'engine': 2, 't': 1, 'tain': 1}","{'train': 33, 'locomotive': 2}","{'train': 70, 'locomotive': 6, 'engine': 2, 't': 1}","{'train': 33, 'locomotive': 2}","{'train': 0.8860759493670886, 'locomotive': 0.0759493670886076, 'engine': 0.02531645569620253, 't': 0.012658227848101266}","{'train': 0.9428571428571428, 'locomotive': 0.05714285714285714}",1.7145350615837573,1.7202709099557656
4,shirt_poloshirt_ambi_spec_965556.png,"[267, 141, 232, 233]","[83, 143, 163, 150]",https://cs.stanford.edu/people/rak248/VG_100K/2334334.jpg,965556,spec,"{'shirt': 8, 'man': 6, 'watch': 4, 'men': 2, 'blackshirt': 1, 'm': 1, 'stripes': 1}","{'shirt': 24, 't-shirt': 4, 'polo': 3, 'polo shirt': 2}","{'shirt': 8, 'man': 6, 'watch': 4, 'men': 2, 'stripes': 1}","{'shirt': 24, 't-shirt': 4, 'polo': 3, 'polo shirt': 2}","{'shirt': 0.38095238095238093, 'man': 0.2857142857142857, 'watch': 0.19047619047619047, 'men': 0.09523809523809523, 'stripes': 0.047619047619047616}","{'shirt': 0.7272727272727273, 't-shirt': 0.12121212121212122, 'polo': 0.09090909090909091, 'polo shirt': 0.06060606060606061}",1.2751261915674958,1.303233315825902
5,bird_pelican_unambiguous_3131623.png,"[63, 98, 420, 204]","[0, 256, 500, 77]",https://cs.stanford.edu/people/rak248/VG_100K/2320283.jpg,3131623,unam,"{'bird': 60, 'duck': 3, 'pelican': 2, 'crane': 2, 'eagle': 2, 'falcon': 1, 'heron': 1, 'stork': 1}","{'bird': 29, 'pelican': 2}","{'bird': 60, 'duck': 3, 'pelican': 2, 'crane': 2, 'eagle': 2}","{'bird': 29, 'pelican': 2}","{'bird': 0.8695652173913043, 'duck': 0.043478260869565216, 'pelican': 0.028985507246376812, 'crane': 0.028985507246376812, 'eagle': 0.028985507246376812}","{'bird': 0.9354838709677419, 'pelican': 0.06451612903225806}",1.3053727140789708,1.3119617970059525
6,boat_ship_unambiguous_3610770.png,"[8, 287, 331, 167]","[147, 50, 69, 243]",https://cs.stanford.edu/people/rak248/VG_100K/2319391.jpg,3610770,unam,"{'boat': 48, 'ship': 23, 'lighthouse': 4, 'f': 1, 'ferry': 1, 'tugboat': 1}","{'boat': 23, 'ship': 8, 'tugboat': 2, 'vehicles': 2}","{'boat': 48, 'ship': 23, 'lighthouse': 4, 'ferry': 1}","{'boat': 23, 'ship': 8, 'vehicles': 2}","{'boat': 0.631578947368421, 'ship': 0.3026315789473684, 'lighthouse': 0.05263157894736842, 'ferry': 0.013157894736842105}","{'boat': 0.696969696969697, 'ship': 0.24242424242424243, 'vehicles': 0.06060606060606061}",1.463297040873119,1.4382814674878597
7,building_restaurant_unambiguous_3823543.png,"[0, 0, 482, 304]","[228, 136, 216, 195]",https://cs.stanford.edu/people/rak248/VG_100K_2/2395118.jpg,3823543,unam,"{'restaurant': 19, 'umbrella': 5, 'shop': 4, 'hotel': 3, 'building': 2, 'store': 2, 'shalom': 2, 'house': 2, 'table': 1, 'board': 1, 'awning': 1, 'entrance': 1, 'diner': 1, 'man': 1, 'business': 1, 'chair': 1, 'tree': 1, 'sign': 1, 'front': 1, 'storefront': 1}","{'building': 11, 'restaurant': 9, 'storefront': 3}","{'restaurant': 19, 'umbrella': 5, 'shop': 4, 'hotel': 3, 'building': 2, 'store': 2, 'house': 2, 'table': 1, 'board': 1, 'awning': 1, 'entrance': 1, 'diner': 1, 'man': 1, 'business': 1, 'chair': 1, 'tree': 1, 'sign': 1, 'front': 1, 'storefront': 1}","{'building': 11, 'restaurant': 9, 'storefront': 3}","{'restaurant': 0.3877551020408163, 'umbrella': 0.10204081632653061, 'shop': 0.08163265306122448, 'hotel': 0.061224489795918366, 'building': 0.04081632653061224, 'store': 0.04081632653061224, 'house': 0.04081632653061224, 'table': 0.02040816326530612, 'board': 0.02040816326530612, 'awning': 0.02040816326530612, 'entrance': 0.02040816326530612, 'diner': 0.02040816326530612, 'man': 0.02040816326530612, 'business': 0.02040816326530612, 'chair': 0.02040816326530612, 'tree': 0.02040816326530612, 'sign': 0.02040816326530612, 'front': 0.02040816326530612, 'storefront': 0.02040816326530612}","{'building': 0.4782608695652174, 'restaurant': 0.391304347826087, 'storefront': 0.13043478260869565}",1.2964778886440278,1.293563069490978
8,chair_officehcair_unambigous_1642812.png,"[133, 208, 245, 392]","[312, 218, 343, 353]",https://cs.stanford.edu/people/rak248/VG_100K_2/1691.jpg,1642812,unam,"{'chair': 46, 'man': 5, 'guy': 1, 'lp': 1, 'shirt': 1, 'wheelchair': 1, 'men': 1, 'computer': 1}","{'chair': 33, 'desk chair': 2}","{'chair': 46, 'man': 5, 'guy': 1, 'shirt': 1, 'wheelchair': 1, 'men': 1, 'computer': 1}","{'chair': 33, 'desk chair': 2}","{'chair': 0.8214285714285714, 'man': 0.08928571428571429, 'guy': 0.017857142857142856, 'shirt': 0.017857142857142856, 'wheelchair': 0.017857142857142856, 'men': 0.017857142857142856, 'computer': 0.017857142857142856}","{'chair': 0.9428571428571428, 'desk chair': 0.05714285714285714}",1.2531851136191503,1.2555242953357724
9,man_skateboarder_unambiguos_554685.png,"[77, 0, 255, 382]","[0, 343, 333, 157]",https://cs.stanford.edu/people/rak248/VG_100K_2/2379147.jpg,554685,unam,"{'skateboarder': 19, 'man': 18, 'skater': 16, 'boy': 4, 'skating': 3, 'person': 3, 'jumper': 1, 'player': 1, 'skateboard': 1, 'men': 1, 'sportsman': 1}","{'man': 12, 'skateboarder': 10, 'skater': 9, 'person': 2, 'human': 1}","{'skateboarder': 19, 'man': 18, 'skater': 16, 'boy': 4, 'skating': 3, 'person': 3, 'jumper': 1, 'player': 1, 'skateboard': 1, 'men': 1}","{'man': 12, 'skateboarder': 10, 'skater': 9, 'person': 2, 'human': 1}","{'skateboarder': 0.2835820895522388, 'man': 0.26865671641791045, 'skater': 0.23880597014925373, 'boy': 0.05970149253731343, 'skating': 0.04477611940298507, 'person': 0.04477611940298507, 'jumper': 0.014925373134328358, 'player': 0.014925373134328358, 'skateboard': 0.014925373134328358, 'men': 0.014925373134328358}","{'man': 0.35294117647058826, 'skateboarder': 0.29411764705882354, 'skater': 0.2647058823529412, 'person': 0.058823529411764705, 'human': 0.029411764705882353}",1.371930515857199,1.3683663943196804
10,chair_officehcair_ambi_spec_3639364.png,"[326, 234, 294, 360]","[558, 150, 174, 267]",https://cs.stanford.edu/people/rak248/VG_100K_2/2028.jpg,3639364,spec,"{'chair': 31, 'wheelchair': 2, 'wheel': 1, 'armchair': 1, 'rowling': 1}","{'chair': 32, 'office chair': 2}","{'chair': 31, 'wheelchair': 2, 'wheel': 1, 'armchair': 1}","{'chair': 32, 'office chair': 2}","{'chair': 0.8857142857142857, 'wheelchair': 0.05714285714285714, 'wheel': 0.02857142857142857, 'armchair': 0.02857142857142857}","{'chair': 0.9411764705882353, 'office chair': 0.058823529411764705}",1.2713397676496334,1.256915564908009
11,cow_calf_ambi_spec_419308.png,"[185, 93, 299, 220]","[0, 11, 145, 219]",https://cs.stanford.edu/people/rak248/VG_100K_2/2399088.jpg,419308,spec,"{'calf': 31, 'cow': 15, 'baby': 2, 'age': 1, 'cw': 1, 'sheep': 1, 'goat': 1, 'heifer': 1, 'cafe': 1}","{'cow': 23, 'calf': 11}","{'calf': 31, 'cow': 15, 'baby': 2, 'sheep': 1, 'goat': 1, 'cafe': 1}","{'cow': 23, 'calf': 11}","{'calf': 0.6078431372549019, 'cow': 0.29411764705882354, 'baby': 0.0392156862745098, 'sheep': 0.0196078431372549, 'goat': 0.0196078431372549, 'cafe': 0.0196078431372549}","{'cow': 0.6764705882352942, 'calf': 0.3235294117647059}",1.4623753675557478,1.5385052868553735
12,building_church_unambiguous_2232925.png,"[0, 15, 129, 318]","[0, 14, 132, 316]",https://cs.stanford.edu/people/rak248/VG_100K/2370726.jpg,2232925,unam,"{'building': 22, 'church': 10, 'castle': 10, 'tower': 7, 'cathedral': 7, 'statue': 6, 'wall': 2, 'temple': 1, 'build': 1, 'prague': 1, 'hgt': 1, 'steeples': 1}","{'building': 10, 'church': 8, 'cathedral': 7, 'castle': 6, 'tower': 4}","{'building': 22, 'church': 10, 'castle': 10, 'tower': 7, 'cathedral': 7, 'statue': 6, 'wall': 2}","{'building': 10, 'church': 8, 'cathedral': 7, 'castle': 6, 'tower': 4}","{'building': 0.34375, 'church': 0.15625, 'castle': 0.15625, 'tower': 0.109375, 'cathedral': 0.109375, 'statue': 0.09375, 'wall': 0.03125}","{'building': 0.2857142857142857, 'church': 0.22857142857142856, 'cathedral': 0.2, 'castle': 0.17142857142857143, 'tower': 0.11428571428571428}",1.385288039453513,1.443557046824959
13,car_taxi_unambiguos_1119918.png,"[2, 84, 392, 238]","[48, 0, 230, 110]",https://cs.stanford.edu/people/rak248/VG_100K_2/2403966.jpg,1119918,unam,"{'taxi': 62, 'cab': 9, 'car': 5, 'cr': 1}","{'taxi': 17, 'car': 15}","{'taxi': 62, 'cab': 9, 'car': 5}","{'taxi': 17, 'car': 15}","{'taxi': 0.8157894736842105, 'cab': 0.11842105263157894, 'car': 0.06578947368421052}","{'taxi': 0.53125, 'car': 0.46875}",1.7108805512764065,1.6219204927312239
14,table_diningtable_unambiguos_3352993.png,"[107, 216, 253, 182]","[0, 26, 228, 191]",https://cs.stanford.edu/people/rak248/VG_100K/2328480.jpg,3352993,unam,"{'table': 71, 'chair': 2, 'chairs': 1, 'set': 1, 'shelf': 1, 'bookshelf': 1}","{'table': 32, 'dining table': 2}","{'table': 71, 'chair': 2, 'chairs': 1, 'set': 1, 'shelf': 1, 'bookshelf': 1}","{'table': 32, 'dining table': 2}","{'table': 0.922077922077922, 'chair': 0.025974025974025976, 'chairs': 0.012987012987012988, 'set': 0.012987012987012988, 'shelf': 0.012987012987012988, 'bookshelf': 0.012987012987012988}","{'table': 0.9411764705882353, 'dining table': 0.058823529411764705}",1.186597585504669,1.1834455435273405
15,car_van_ambi_spec_1628513.png,"[226, 313, 481, 203]","[53, 271, 165, 133]",https://cs.stanford.edu/people/rak248/VG_100K_2/1754.jpg,1628513,spec,"{'car': 19, 'wagon': 14, 'ca': 1}","{'car': 26, 'van': 4, 'vehicle': 4, 'automobile': 1}","{'car': 19, 'wagon': 14}","{'car': 26, 'van': 4, 'vehicle': 4, 'automobile': 1}","{'car': 0.5757575757575758, 'wagon': 0.42424242424242425}","{'car': 0.7428571428571429, 'van': 0.11428571428571428, 'vehicle': 0.11428571428571428, 'automobile': 0.02857142857142857}",1.4364475908047347,1.466639100438956
16,man_tennisplayer_unambiguos_2183801.png,"[99, 116, 125, 374]","[0, 75, 357, 329]",https://cs.stanford.edu/people/rak248/VG_100K/2341998.jpg,2183801,unam,"{'player': 50, 'man': 16, 'men': 2, 'm': 1, 'guy': 1, 'shirt': 1, 'badminton': 1, 'shoe': 1, 'sportsman': 1, 'ne': 1}","{'man': 19, 'tennis player': 7, 'player': 3, 'human': 1}","{'player': 50, 'man': 16, 'men': 2, 'guy': 1, 'shirt': 1, 'shoe': 1}","{'man': 19, 'tennis player': 7, 'player': 3, 'human': 1}","{'player': 0.704225352112676, 'man': 0.22535211267605634, 'men': 0.028169014084507043, 'guy': 0.014084507042253521, 'shirt': 0.014084507042253521, 'shoe': 0.014084507042253521}","{'man': 0.6333333333333333, 'tennis player': 0.23333333333333334, 'player': 0.1, 'human': 0.03333333333333333}",1.6235655473272963,1.5042568002807069
17,shirt_tshirt_ambi_spec_3859715.png,"[7, 89, 170, 208]","[402, 27, 98, 260]",https://cs.stanford.edu/people/rak248/VG_100K/2370220.jpg,3859715,spec,"{'apron': 16, 'girl': 7, 'shirt': 4, 'woman': 4, 'seller': 4, 'women': 3, 'gal': 1, 'cooker': 1, 'dress': 1, 'worker': 1}","{'shirt': 19, 't-shirt': 7, 'dress': 1}","{'apron': 16, 'girl': 7, 'shirt': 4, 'woman': 4, 'women': 3, 'cooker': 1, 'dress': 1, 'worker': 1}","{'shirt': 19, 't-shirt': 7, 'dress': 1}","{'apron': 0.43243243243243246, 'girl': 0.1891891891891892, 'shirt': 0.10810810810810811, 'woman': 0.10810810810810811, 'women': 0.08108108108108109, 'cooker': 0.02702702702702703, 'dress': 0.02702702702702703, 'worker': 0.02702702702702703}","{'shirt': 0.7037037037037037, 't-shirt': 0.25925925925925924, 'dress': 0.037037037037037035}",1.2872212784651251,1.3008336830555483
18,boat_ship_ambi_spec_3702338.png,"[42, 105, 513, 469]","[499, 432, 297, 122]",https://cs.stanford.edu/people/rak248/VG_100K/713799.jpg,3702338,spec,"{'ship': 33, 'boat': 7, 'bot': 1, 'barge': 1, 'bat': 1, 'battleship': 1, 'tugboat': 1, 'chip': 1}","{'boat': 19, 'ship': 15}","{'ship': 33, 'boat': 7, 'barge': 1, 'bat': 1, 'chip': 1}","{'boat': 19, 'ship': 15}","{'ship': 0.7674418604651163, 'boat': 0.16279069767441862, 'barge': 0.023255813953488372, 'bat': 0.023255813953488372, 'chip': 0.023255813953488372}","{'boat': 0.5588235294117647, 'ship': 0.4411764705882353}",1.462364463602679,1.4464469350610516
19,chair_armchair_unambiguos_3334449.png,"[98, 297, 370, 203]","[117, 50, 94, 368]",https://cs.stanford.edu/people/rak248/VG_100K_2/2417956.jpg,3334449,unam,"{'chair': 12, 'woman': 11, 'sofa': 9, 'laptop': 6, 'girl': 6, 'women': 4, 'couch': 3, 'person': 2, 'lady': 2, 'computer': 2, 'sop': 1, 'door': 1, 'work': 1, 'doorway': 1, 'men': 1}","{'chair': 19, 'sofa': 4, 'couch': 4}","{'chair': 12, 'woman': 11, 'sofa': 9, 'laptop': 6, 'girl': 6, 'women': 4, 'couch': 3, 'person': 2, 'lady': 2, 'computer': 2, 'door': 1, 'doorway': 1, 'men': 1}","{'chair': 19, 'sofa': 4, 'couch': 4}","{'chair': 0.2, 'woman': 0.18333333333333332, 'sofa': 0.15, 'laptop': 0.1, 'girl': 0.1, 'women': 0.06666666666666667, 'couch': 0.05, 'person': 0.03333333333333333, 'lady': 0.03333333333333333, 'computer': 0.03333333333333333, 'door': 0.016666666666666666, 'doorway': 0.016666666666666666, 'men': 0.016666666666666666}","{'chair': 0.7037037037037037, 'sofa': 0.14814814814814814, 'couch': 0.14814814814814814}",1.3130180371091618,1.287413201451522
20,shirt_tshirt_unambiguos_1771265.png,"[74, 100, 333, 209]","[0, 304, 500, 70]",https://cs.stanford.edu/people/rak248/VG_100K/2369295.jpg,1771265,unam,"{'shirt': 31, 'woman': 8, 'girl': 6, 'women': 2, 'body': 1, 'dishes': 1, 'person': 1}","{'shirt': 28, 't-shirt': 7}","{'shirt': 31, 'woman': 8, 'girl': 6, 'women': 2, 'body': 1, 'dishes': 1, 'person': 1}","{'shirt': 28, 't-shirt': 7}","{'shirt': 0.62, 'woman': 0.16, 'girl': 0.12, 'women': 0.04, 'body': 0.02, 'dishes': 0.02, 'person': 0.02}","{'shirt': 0.8, 't-shirt': 0.2}",1.2642744701874713,1.2978480624349082
21,woman_frisbeeplayer_ambi_spec_224006.png,"[109, 20, 283, 236]","[176, 252, 172, 57]",https://cs.stanford.edu/people/rak248/VG_100K_2/2410183.jpg,224006,spec,"{'catcher': 7, 'women': 6, 'man': 5, 'frisbee': 4, 'jumper': 2, 'woman': 2, 'player': 2, 'catch': 1, 'girl': 1, 'fly': 1, 'lady': 1, 'flying': 1, 'plate': 1, 'sportsman': 1}","{'woman': 13, 'person': 5, 'man': 4, 'frisbee player': 4, 'player': 2}","{'catcher': 7, 'women': 6, 'man': 5, 'frisbee': 4, 'jumper': 2, 'woman': 2, 'player': 2, 'girl': 1, 'lady': 1, 'flying': 1, 'plate': 1}","{'woman': 13, 'person': 5, 'man': 4, 'player': 2}","{'catcher': 0.21875, 'women': 0.1875, 'man': 0.15625, 'frisbee': 0.125, 'jumper': 0.0625, 'woman': 0.0625, 'player': 0.0625, 'girl': 0.03125, 'lady': 0.03125, 'flying': 0.03125, 'plate': 0.03125}","{'woman': 0.5416666666666666, 'person': 0.20833333333333334, 'man': 0.16666666666666666, 'player': 0.08333333333333333}",1.4881612317088486,1.2804091011431151
22,chair_armchair_ambi_spec_169378.png,"[289, 159, 197, 168]","[52, 136, 92, 115]",https://cs.stanford.edu/people/rak248/VG_100K_2/2413636.jpg,169378,spec,"{'sofa': 17, 'chair': 11, 'couch': 4, 'armchair': 2, 'cousin': 1, 'coach': 1}","{'chair': 27, 'furniture': 2, 'armchair': 2, 'seat': 1}","{'sofa': 17, 'chair': 11, 'couch': 4, 'armchair': 2, 'coach': 1}","{'chair': 27, 'furniture': 2, 'armchair': 2, 'seat': 1}","{'sofa': 0.4857142857142857, 'chair': 0.3142857142857143, 'couch': 0.11428571428571428, 'armchair': 0.05714285714285714, 'coach': 0.02857142857142857}","{'chair': 0.84375, 'furniture': 0.0625, 'armchair': 0.0625, 'seat': 0.03125}",1.3674262984954708,1.2546228788338987
23,wine_bottle_ambi_spec_1056869.png,"[55, 33, 103, 375]","[210, 180, 213, 226]",https://cs.stanford.edu/people/rak248/VG_100K_2/2416350.jpg,1056869,spec,"{'bottle': 63, 'wine': 7, 'glass': 3, 'drink': 1, 'beer': 1}","{'bottle': 19, 'wine': 10, 'wine bottle': 5}","{'bottle': 63, 'wine': 7, 'glass': 3, 'drink': 1, 'beer': 1}","{'bottle': 19, 'wine': 10, 'wine bottle': 5}","{'bottle': 0.84, 'wine': 0.09333333333333334, 'glass': 0.04, 'drink': 0.013333333333333334, 'beer': 0.013333333333333334}","{'bottle': 0.5588235294117647, 'wine': 0.29411764705882354, 'wine bottle': 0.14705882352941177}",1.3800643318622277,1.440683578299251
24,airplane_jet_ambi_spec_1765928.png,"[190, 19, 310, 137]","[74, 17, 175, 76]",https://cs.stanford.edu/people/rak248/VG_100K/2367680.jpg,1765928,spec,"{'airplane': 24, 'plane': 17, 'aeroplane': 9, 'flight': 4, 'jet': 2, 'airliner': 2, 'helicopter': 1}","{'airplane': 20, 'plane': 7, 'jet': 3}","{'airplane': 24, 'plane': 17, 'aeroplane': 9, 'flight': 4, 'jet': 2, 'airliner': 2, 'helicopter': 1}","{'airplane': 20, 'plane': 7, 'jet': 3}","{'airplane': 0.4067796610169492, 'plane': 0.288135593220339, 'aeroplane': 0.15254237288135594, 'flight': 0.06779661016949153, 'jet': 0.03389830508474576, 'airliner': 0.03389830508474576, 'helicopter': 0.01694915254237288}","{'airplane': 0.6666666666666666, 'plane': 0.23333333333333334, 'jet': 0.1}",1.9120735991934565,1.8835296194403615
25,car_van_unambiguos_1271136.png,"[14, 125, 411, 183]","[0, 41, 500, 94]",https://cs.stanford.edu/people/rak248/VG_100K_2/2388010.jpg,1271136,unam,"{'car': 55, 'vehicle': 5, 'c': 1, 'road': 1, 'ware': 1, 'cat': 1, 'wagon': 1, 'suv': 1, 'van': 1, 'ca': 1}","{'car': 24, 'vehicle': 5, 'van': 2, 'suv': 2}","{'car': 55, 'vehicle': 5, 'road': 1, 'cat': 1, 'wagon': 1, 'suv': 1, 'van': 1}","{'car': 24, 'vehicle': 5, 'van': 2, 'suv': 2}","{'car': 0.8461538461538461, 'vehicle': 0.07692307692307693, 'road': 0.015384615384615385, 'cat': 0.015384615384615385, 'wagon': 0.015384615384615385, 'suv': 0.015384615384615385, 'van': 0.015384615384615385}","{'car': 0.7272727272727273, 'vehicle': 0.15151515151515152, 'van': 0.06060606060606061, 'suv': 0.06060606060606061}",1.4642955569610965,1.4725780950777292
26,woman_frisbeeplayer_unambiguos_3038069.png,"[13, 116, 290, 383]","[231, 0, 74, 500]",https://cs.stanford.edu/people/rak248/VG_100K/2328615.jpg,3038069,unam,"{'woman': 33, 'girl': 17, 'women': 8, 'lady': 6, 'person': 5, 'f': 1, 'tree': 1}","{'woman': 26, 'person': 3, 'frisbee player': 2}","{'woman': 33, 'girl': 17, 'women': 8, 'lady': 6, 'person': 5, 'tree': 1}","{'woman': 26, 'person': 3}","{'woman': 0.4714285714285714, 'girl': 0.24285714285714285, 'women': 0.11428571428571428, 'lady': 0.08571428571428572, 'person': 0.07142857142857142, 'tree': 0.014285714285714285}","{'woman': 0.896551724137931, 'person': 0.10344827586206896}",1.2345694209232712,1.231199437838739
27,shirt_poloshirt_unambiguos_1030468.png,"[254, 49, 343, 307]","[58, 0, 213, 489]",https://cs.stanford.edu/people/rak248/VG_100K_2/917.jpg,1030468,unam,"{'shirt': 46, 'man': 6, 'men': 3, 'guy': 2, 'person': 2, 'girl': 1, 'boy': 1, 'bo': 1, 'shirts': 1, 'torso': 1, 'wine': 1}","{'shirt': 27, 't-shirt': 3, 'polo shirt': 2, 'polo': 2}","{'shirt': 46, 'man': 6, 'men': 3, 'guy': 2, 'person': 2, 'girl': 1, 'boy': 1, 'shirts': 1, 'torso': 1, 'wine': 1}","{'shirt': 27, 't-shirt': 3, 'polo shirt': 2, 'polo': 2}","{'shirt': 0.71875, 'man': 0.09375, 'men': 0.046875, 'guy': 0.03125, 'person': 0.03125, 'girl': 0.015625, 'boy': 0.015625, 'shirts': 0.015625, 'torso': 0.015625, 'wine': 0.015625}","{'shirt': 0.7941176470588235, 't-shirt': 0.08823529411764706, 'polo shirt': 0.058823529411764705, 'polo': 0.058823529411764705}",1.2769217672988948,1.2997627953606337
28,train_locomotive_ambi_spec_426714.png,"[155, 42, 229, 213]","[394, 97, 94, 71]",https://cs.stanford.edu/people/rak248/VG_100K_2/2398300.jpg,426714,spec,"{'train': 18, 'engine': 15, 'caboose': 3, 'coach': 1}","{'train': 29, 'engine': 3}","{'train': 18, 'engine': 15, 'caboose': 3, 'coach': 1}","{'train': 29, 'engine': 3}","{'train': 0.4864864864864865, 'engine': 0.40540540540540543, 'caboose': 0.08108108108108109, 'coach': 0.02702702702702703}","{'train': 0.90625, 'engine': 0.09375}",1.5601850313883407,1.6730166129653232
29,truck_pickuptruck_unambiguos_2989393.png,"[226, 115, 239, 127]","[44, 0, 100, 142]",https://cs.stanford.edu/people/rak248/VG_100K_2/2416069.jpg,2989393,unam,"{'truck': 52, 'car': 13, 'pickup': 2, 'cr': 1, 'suv': 1, 'jeep': 1, 'trucks': 1, 'tree': 1, 'van': 1}","{'truck': 24, 'car': 5, 'pickup truck': 2, 'vehicle': 2}","{'truck': 52, 'car': 13, 'pickup': 2, 'suv': 1, 'jeep': 1, 'trucks': 1, 'tree': 1, 'van': 1}","{'truck': 24, 'car': 5, 'pickup truck': 2, 'vehicle': 2}","{'truck': 0.7222222222222222, 'car': 0.18055555555555555, 'pickup': 0.027777777777777776, 'suv': 0.013888888888888888, 'jeep': 0.013888888888888888, 'trucks': 0.013888888888888888, 'tree': 0.013888888888888888, 'van': 0.013888888888888888}","{'truck': 0.7272727272727273, 'car': 0.15151515151515152, 'pickup truck': 0.06060606060606061, 'vehicle': 0.06060606060606061}",1.4624214262872997,1.456173720158817
30,cow_calf_unambiguos_3393580.png,"[87, 93, 255, 303]","[0, 332, 500, 64]",https://cs.stanford.edu/people/rak248/VG_100K/2323078.jpg,3393580,unam,"{'cow': 77, 'calf': 5, 'cafe': 1, 'bull': 1, 'cattle': 1}",{'cow': 34},"{'cow': 77, 'calf': 5, 'cafe': 1, 'bull': 1, 'cattle': 1}",{'cow': 34},"{'cow': 0.9058823529411765, 'calf': 0.058823529411764705, 'cafe': 0.011764705882352941, 'bull': 0.011764705882352941, 'cattle': 0.011764705882352941}",{'cow': 1.0},1.5865381822704243,1.6012319810685853
31,man_batter_ambi_spec_1039917.png,"[156, 146, 340, 388]","[534, 303, 233, 276]",https://cs.stanford.edu/people/rak248/VG_100K/1159815.jpg,1039917,spec,"{'batter': 41, 'player': 10, 'hitter': 9, 'man': 5, 'shooter': 1, 'shirt': 1, 'pitcher': 1, 'f': 1, 'cricketer': 1, 'cricket': 1, 'batsman': 1, 'men': 1}","{'man': 10, 'batter': 10, 'baseball player': 5, 'player': 4, 'person': 3}","{'batter': 41, 'player': 10, 'hitter': 9, 'man': 5, 'shirt': 1, 'pitcher': 1, 'men': 1}","{'man': 10, 'batter': 10, 'baseball player': 5, 'player': 4, 'person': 3}","{'batter': 0.6029411764705882, 'player': 0.14705882352941177, 'hitter': 0.1323529411764706, 'man': 0.07352941176470588, 'shirt': 0.014705882352941176, 'pitcher': 0.014705882352941176, 'men': 0.014705882352941176}","{'man': 0.3125, 'batter': 0.3125, 'baseball player': 0.15625, 'player': 0.125, 'person': 0.09375}",2.3623792358958258,1.885648984807648
32,curtain_showercurtain_unambiguos_2581006.png,"[271, 0, 104, 400]","[0, 296, 177, 204]",https://cs.stanford.edu/people/rak248/VG_100K/2340254.jpg,2581006,unam,"{'curtain': 51, 'screen': 10, 'sink': 7, 'shower': 6, 'cloth': 3, 'bathroom': 2, 'scree': 1, 'screener': 1, 'door': 1, 'table': 1}","{'curtain': 25, 'shower curtain': 7}","{'curtain': 51, 'screen': 10, 'sink': 7, 'shower': 6, 'cloth': 3, 'bathroom': 2, 'door': 1, 'table': 1}","{'curtain': 25, 'shower curtain': 7}","{'curtain': 0.6296296296296297, 'screen': 0.12345679012345678, 'sink': 0.08641975308641975, 'shower': 0.07407407407407407, 'cloth': 0.037037037037037035, 'bathroom': 0.024691358024691357, 'door': 0.012345679012345678, 'table': 0.012345679012345678}","{'curtain': 0.78125, 'shower curtain': 0.21875}",1.3383176116160695,1.3168659355634944
33,truck_pickuptruck_ambi_spec_2567259.png,"[228, 122, 646, 264]","[898, 16, 124, 290]",https://cs.stanford.edu/people/rak248/VG_100K/1592144.jpg,2567259,spec,"{'truck': 36, 'car': 17, 'jeep': 3, 'van': 3, 'suv': 1}","{'truck': 28, 'car': 3, 'pickup truck': 2}","{'truck': 36, 'car': 17, 'jeep': 3, 'van': 3, 'suv': 1}","{'truck': 28, 'car': 3, 'pickup truck': 2}","{'truck': 0.6, 'car': 0.2833333333333333, 'jeep': 0.05, 'van': 0.05, 'suv': 0.016666666666666666}","{'truck': 0.8484848484848485, 'car': 0.09090909090909091, 'pickup truck': 0.06060606060606061}",1.4721764260954868,1.4599456685782344
34,wine_bottle_unambiguos_526299.png,"[140, 0, 107, 449]","[0, 0, 120, 263]",https://cs.stanford.edu/people/rak248/VG_100K_2/2384500.jpg,526299,unam,"{'bottle': 63, 'wine': 11, 'bear': 1, 'drink': 1, 'beer': 1, 'glass': 1, 'screen': 1}","{'bottle': 16, 'wine': 10, 'wine bottle': 5}","{'bottle': 63, 'wine': 11, 'bear': 1, 'drink': 1, 'beer': 1, 'glass': 1, 'screen': 1}","{'bottle': 16, 'wine': 10, 'wine bottle': 5}","{'bottle': 0.7974683544303798, 'wine': 0.13924050632911392, 'bear': 0.012658227848101266, 'drink': 0.012658227848101266, 'beer': 0.012658227848101266, 'glass': 0.012658227848101266, 'screen': 0.012658227848101266}","{'bottle': 0.5161290322580645, 'wine': 0.3225806451612903, 'wine bottle': 0.16129032258064516}",1.3857816923047586,1.4473217749925293
35,table_diningtable_ambi_spec_907734.png,"[0, 361, 375, 139]","[286, 315, 89, 82]",https://cs.stanford.edu/people/rak248/VG_100K/2345499.jpg,907734,spec,"{'table': 37, 'flower': 3, 'flowers': 3, 'bouquet': 2, 'vase': 2, 'desk': 2, 'sofa': 1}","{'table': 29, 'coffee table': 3}","{'table': 37, 'flower': 3, 'flowers': 3, 'bouquet': 2, 'vase': 2, 'desk': 2, 'sofa': 1}","{'table': 29, 'coffee table': 3}","{'table': 0.74, 'flower': 0.06, 'flowers': 0.06, 'bouquet': 0.04, 'vase': 0.04, 'desk': 0.04, 'sofa': 0.02}","{'table': 0.90625, 'coffee table': 0.09375}",1.2205368835058215,1.2033225020267355
36,woman_girl_unambiguos_2210881.png,"[43, 1, 273, 348]","[0, 334, 374, 166]",https://cs.stanford.edu/people/rak248/VG_100K/2345419.jpg,2210881,unam,"{'girl': 26, 'woman': 26, 'women': 9, 'lady': 4, 'person': 3, 'necklace': 2, 'gal': 1, 'celebrant': 1, 'adult': 1, 'dress': 1}",{'woman': 27},"{'girl': 26, 'woman': 26, 'women': 9, 'lady': 4, 'person': 3, 'necklace': 2, 'adult': 1, 'dress': 1}",{'woman': 27},"{'girl': 0.3611111111111111, 'woman': 0.3611111111111111, 'women': 0.125, 'lady': 0.05555555555555555, 'person': 0.041666666666666664, 'necklace': 0.027777777777777776, 'adult': 0.013888888888888888, 'dress': 0.013888888888888888}",{'woman': 1.0},1.241043664316815,1.2299198258023718
37,man_batter_unambiguos_496525.png,"[223, 82, 181, 210]","[60, 99, 440, 112]",https://cs.stanford.edu/people/rak248/VG_100K_2/2390517.jpg,496525,unam,"{'batter': 37, 'player': 25, 'man': 5, 'men': 2, 'defender': 1, 'baseball': 1, 'shooter': 1, 'batsmen': 1, 'cricketer': 1, 'cricket': 1, 'ma': 1, 'pitcher': 1, 'hitter': 1, 'bat': 1, 'sportsman': 1}","{'man': 6, 'person': 6, 'athlete': 5, 'baseball player': 5, 'batter': 5, 'player': 3}","{'batter': 37, 'player': 25, 'man': 5, 'men': 2, 'baseball': 1, 'pitcher': 1, 'hitter': 1, 'bat': 1}","{'man': 6, 'person': 6, 'athlete': 5, 'baseball player': 5, 'batter': 5, 'player': 3}","{'batter': 0.5068493150684932, 'player': 0.3424657534246575, 'man': 0.0684931506849315, 'men': 0.0273972602739726, 'baseball': 0.0136986301369863, 'pitcher': 0.0136986301369863, 'hitter': 0.0136986301369863, 'bat': 0.0136986301369863}","{'man': 0.2, 'person': 0.2, 'athlete': 0.16666666666666666, 'baseball player': 0.16666666666666666, 'batter': 0.16666666666666666, 'player': 0.1}",2.1656847391093805,1.7199468411578296
38,table_desk_ambi_spec_1952807.png,"[0, 168, 500, 207]","[149, 66, 202, 101]",https://cs.stanford.edu/people/rak248/VG_100K/2345810.jpg,1952807,spec,"{'cup': 13, 'desk': 10, 'mug': 9, 'table': 6, 'mouse': 6, 'coffee': 4, 'calculator': 4, 'charger': 1, 'workspace': 1, 'teacup': 1, 'top': 1, 'chair': 1, 'phone': 1}","{'desk': 23, 'table': 10}","{'cup': 13, 'desk': 10, 'mug': 9, 'table': 6, 'mouse': 6, 'coffee': 4, 'calculator': 4, 'charger': 1, 'teacup': 1, 'top': 1, 'chair': 1, 'phone': 1}","{'desk': 23, 'table': 10}","{'cup': 0.22807017543859648, 'desk': 0.17543859649122806, 'mug': 0.15789473684210525, 'table': 0.10526315789473684, 'mouse': 0.10526315789473684, 'coffee': 0.07017543859649122, 'calculator': 0.07017543859649122, 'charger': 0.017543859649122806, 'teacup': 0.017543859649122806, 'top': 0.017543859649122806, 'chair': 0.017543859649122806, 'phone': 0.017543859649122806}","{'desk': 0.696969696969697, 'table': 0.30303030303030304}",1.3925482117249286,1.3489140354032128
39,curtain__showercurtain_ambi_spec_2771382.png,"[0, 104, 117, 396]","[158, 119, 216, 88]",https://cs.stanford.edu/people/rak248/VG_100K/2317058.jpg,2771382,spec,"{'curtain': 50, 'screen': 16, 'shower': 4, 'cloth': 3, 'bathroom': 1, 'screener': 1, 'clothes': 1, 'wardrobe': 1, 'curtains': 1}","{'curtain': 25, 'shower curtain': 7, 'screen': 2}","{'curtain': 50, 'screen': 16, 'shower': 4, 'cloth': 3, 'bathroom': 1, 'clothes': 1, 'wardrobe': 1, 'curtains': 1}","{'curtain': 25, 'shower curtain': 7, 'screen': 2}","{'curtain': 0.6493506493506493, 'screen': 0.2077922077922078, 'shower': 0.05194805194805195, 'cloth': 0.03896103896103896, 'bathroom': 0.012987012987012988, 'clothes': 0.012987012987012988, 'wardrobe': 0.012987012987012988, 'curtains': 0.012987012987012988}","{'curtain': 0.7352941176470589, 'shower curtain': 0.20588235294117646, 'screen': 0.058823529411764705}",1.3212978262171011,1.3198821313850935
40,building_restaurant_ambi_spec_3468320.png,"[0, 0, 207, 249]","[243, 73, 114, 88]",https://cs.stanford.edu/people/rak248/VG_100K/2322259.jpg,3468320,spec,"{'house': 15, 'building': 10, 'restaurant': 9, 'shop': 4, 'home': 3, 'signal': 2, 'hotel': 2, 'light': 1, 'storefront': 1, 'plant': 1, 'pole': 1, 'store': 1, 'lights': 1}","{'building': 13, 'house': 8, 'store': 3, 'restaurant': 2}","{'house': 15, 'building': 10, 'restaurant': 9, 'shop': 4, 'home': 3, 'signal': 2, 'hotel': 2, 'light': 1, 'storefront': 1, 'plant': 1, 'pole': 1, 'store': 1, 'lights': 1}","{'building': 13, 'house': 8, 'store': 3, 'restaurant': 2}","{'house': 0.29411764705882354, 'building': 0.19607843137254902, 'restaurant': 0.17647058823529413, 'shop': 0.0784313725490196, 'home': 0.058823529411764705, 'signal': 0.0392156862745098, 'hotel': 0.0392156862745098, 'light': 0.0196078431372549, 'storefront': 0.0196078431372549, 'plant': 0.0196078431372549, 'pole': 0.0196078431372549, 'store': 0.0196078431372549, 'lights': 0.0196078431372549}","{'building': 0.5, 'house': 0.3076923076923077, 'store': 0.11538461538461539, 'restaurant': 0.07692307692307693}",1.3108208769508556,1.3136178298004624
41,woman_girl_ambi_spec_3794890.png,"[621, 215, 354, 451]","[0, 185, 271, 497]",https://cs.stanford.edu/people/rak248/VG_100K/150336.jpg,3794890,spec,"{'girl': 7, 'women': 5, 'woman': 5, 'man': 5, 'blower': 3, 'spoon': 1, 'braids': 1, 'person': 1}","{'woman': 18, 'girl': 6, 'person': 3}","{'girl': 7, 'women': 5, 'woman': 5, 'man': 5, 'spoon': 1, 'person': 1}","{'woman': 18, 'girl': 6, 'person': 3}","{'girl': 0.2916666666666667, 'women': 0.20833333333333334, 'woman': 0.20833333333333334, 'man': 0.20833333333333334, 'spoon': 0.041666666666666664, 'person': 0.041666666666666664}","{'woman': 0.6666666666666666, 'girl': 0.2222222222222222, 'person': 0.1111111111111111}",1.23980035114994,1.2336518645217365
42,man_skateboarder_ambi_spec_2594950.png,"[45, 32, 266, 220]","[362, 111, 116, 191]",https://cs.stanford.edu/people/rak248/VG_100K/2351989.jpg,2594950,spec,"{'skateboarder': 20, 'skater': 13, 'man': 11, 'men': 2, 'fly': 1, 'jump': 1, 'flying': 1, 'person': 1}","{'man': 11, 'skateboarder': 10, 'skater': 7, 'person': 4}","{'skateboarder': 20, 'skater': 13, 'man': 11, 'men': 2, 'jump': 1, 'flying': 1, 'person': 1}","{'man': 11, 'skateboarder': 10, 'skater': 7, 'person': 4}","{'skateboarder': 0.40816326530612246, 'skater': 0.2653061224489796, 'man': 0.22448979591836735, 'men': 0.04081632653061224, 'jump': 0.02040816326530612, 'flying': 0.02040816326530612, 'person': 0.02040816326530612}","{'man': 0.34375, 'skateboarder': 0.3125, 'skater': 0.21875, 'person': 0.125}",1.398277434360712,1.3627984543276284
43,car_taxi_ambi_spec_3405477.png,"[0, 203, 281, 128]","[13, 103, 400, 138]",https://cs.stanford.edu/people/rak248/VG_100K/2327570.jpg,3405477,spec,"{'taxi': 58, 'cab': 6, 'car': 6, 'c': 1}","{'car': 17, 'taxi': 12, 'vehicle': 2}","{'taxi': 58, 'cab': 6, 'car': 6}","{'car': 17, 'taxi': 12, 'vehicle': 2}","{'taxi': 0.8285714285714286, 'cab': 0.08571428571428572, 'car': 0.08571428571428572}","{'car': 0.5483870967741935, 'taxi': 0.3870967741935484, 'vehicle': 0.06451612903225806}",1.7122672512406822,1.5749984115789626
44,man_tennisplayer_ambi_spec_2656184.png,"[81, 5, 229, 374]","[394, 158, 106, 222]",https://cs.stanford.edu/people/rak248/VG_100K/2372201.jpg,2656184,spec,"{'player': 63, 'man': 6, 'badminton': 1, 'batting': 1, 'headband': 1, 'pro': 1, 'men': 1}","{'man': 21, 'tennis player': 7, 'player': 4, 'person': 2}","{'player': 63, 'man': 6, 'headband': 1, 'men': 1}","{'man': 21, 'tennis player': 7, 'player': 4, 'person': 2}","{'player': 0.8873239436619719, 'man': 0.08450704225352113, 'headband': 0.014084507042253521, 'men': 0.014084507042253521}","{'man': 0.6176470588235294, 'tennis player': 0.20588235294117646, 'player': 0.11764705882352941, 'person': 0.058823529411764705}",1.7234691626281107,1.4900722691052062
45,table_desk_unambiguos_1299673.png,"[36, 136, 464, 238]","[137, 205, 165, 170]",https://cs.stanford.edu/people/rak248/VG_100K_2/2385198.jpg,1299673,unam,"{'desk': 41, 'table': 26, 'chair': 7, 'drawer': 1}",{'desk': 23},"{'desk': 41, 'table': 26, 'chair': 7, 'drawer': 1}",{'desk': 23},"{'desk': 0.5466666666666666, 'table': 0.3466666666666667, 'chair': 0.09333333333333334, 'drawer': 0.013333333333333334}",{'desk': 1.0},1.3211214984473452,1.4228494047288627
46,building_church_ambi_spec_1018602.png,"[0, 39, 268, 336]","[332, 146, 168, 228]",https://cs.stanford.edu/people/rak248/VG_100K/2317674.jpg,1018602,spec,"{'tower': 17, 'church': 10, 'castle': 8, 'clock': 5, 'building': 4, 'cathedral': 2, 'house': 2, 'prague': 1, 'turret': 1}","{'building': 23, 'castle': 5, 'church': 3, 'cathedral': 2}","{'tower': 17, 'church': 10, 'castle': 8, 'clock': 5, 'building': 4, 'cathedral': 2, 'house': 2}","{'building': 23, 'castle': 5, 'church': 3, 'cathedral': 2}","{'tower': 0.3541666666666667, 'church': 0.20833333333333334, 'castle': 0.16666666666666666, 'clock': 0.10416666666666667, 'building': 0.08333333333333333, 'cathedral': 0.041666666666666664, 'house': 0.041666666666666664}","{'building': 0.696969696969697, 'castle': 0.15151515151515152, 'church': 0.09090909090909091, 'cathedral': 0.06060606060606061}",1.4589716961655401,1.354736896149802
47,airplane_jet_unambiguous_1075286.png,"[5, 131, 964, 252]","[0, 450, 1022, 230]",https://cs.stanford.edu/people/rak248/VG_100K/150489.jpg,1075286,unam,"{'airplane': 33, 'plane': 26, 'aeroplane': 11, 'flight': 4, 'jet': 4}","{'airplane': 18, 'plane': 13, 'jet': 2}","{'airplane': 33, 'plane': 26, 'aeroplane': 11, 'flight': 4, 'jet': 4}","{'airplane': 18, 'plane': 13, 'jet': 2}","{'airplane': 0.4230769230769231, 'plane': 0.3333333333333333, 'aeroplane': 0.14102564102564102, 'flight': 0.05128205128205128, 'jet': 0.05128205128205128}","{'airplane': 0.5454545454545454, 'plane': 0.3939393939393939, 'jet': 0.06060606060606061}",1.8858256083519915,1.8852984395767858
